{"count":1,"self":1156.5684736,"total":3599.5161120999996,"children":{"InitializeActuators":{"count":1,"self":0.0020104999999999997,"total":0.0020104999999999997,"children":null},"InitializeSensors":{"count":1,"self":0.0045255999999999994,"total":0.010056299999999999,"children":{"CreateObservableSensors":{"count":1,"self":0.0055306999999999995,"total":0.0055306999999999995,"children":null}}},"AgentSendState":{"count":1800917,"self":49.1863392,"total":61.1130509,"children":{"CollectObservations":{"count":180092,"self":3.2476325999999998,"total":3.2476325999999998,"children":null},"WriteActionMask":{"count":180092,"self":0.2970154,"total":0.2970154,"children":null},"RequestDecision":{"count":180092,"self":1.4474285999999998,"total":8.3820636,"children":{"AgentInfo.ToProto":{"count":180092,"self":1.7836357999999999,"total":6.934635,"children":{"GenerateSensorData":{"count":180092,"self":4.560496,"total":5.1509991999999993,"children":{"RayPerceptionSensor.Perceive":{"count":180092,"self":0.5905032,"total":0.5905032,"children":null}}}}}}}}},"DecideAction":{"count":1800917,"self":2341.0710528,"total":2341.0710473999998,"children":null},"AgentAct":{"count":1800917,"self":28.32216,"total":28.32216,"children":null},"CreateObservableSensors":{"count":41796,"self":12.3961936,"total":12.396193199999999,"children":null},"AgentInfo.ToProto":{"count":887,"self":0.0071191,"total":0.031143599999999997,"children":{"GenerateSensorData":{"count":887,"self":0.018908499999999998,"total":0.024024499999999997,"children":{"RayPerceptionSensor.Perceive":{"count":887,"self":0.005116,"total":0.005116,"children":null}}}}}},"gauges":{"Agent Control.CumulativeReward":{"count":887,"max":11.0183411,"min":-5.633802,"runningAverage":-4.87435627,"value":-5.5155,"weightedAverage":-5.20617247}},"metadata":{"timer_format_version":"0.1.0","start_time_seconds":"1718405306","unity_version":"2022.3.10f1","command_line_arguments":"C:\\Program Files\\Unity\\Hub\\Editor\\2022.3.10f1\\Editor\\Unity.exe -projectpath C:\\Users\\rosia\\Documents\\GitHub\\Pacman -useHub -hubIPC -cloudEnvironment production -licensingIpc LicenseClient-rosia -hubSessionId a17936f5-b0d9-44e6-b97a-4648466a6ff4 -accessToken xVu6-kBS4CO8z2Q4saLx3GhGrWkc3Dke7crh2kSdRkg007f","communication_protocol_version":"1.5.0","com.unity.ml-agents_version":"2.0.1","scene_name":"Pacman","end_time_seconds":"1718408905"}}