{"count":1,"self":627.98371839999993,"total":2371.7536025,"children":{"InitializeActuators":{"count":1,"self":0.0024790999999999997,"total":0.0024790999999999997,"children":null},"InitializeSensors":{"count":1,"self":0.0019875,"total":0.0019875,"children":null},"AgentSendState":{"count":1274951,"self":3.7674071999999996,"total":12.868349,"children":{"CollectObservations":{"count":254991,"self":2.7592537999999998,"total":2.7592537999999998,"children":null},"WriteActionMask":{"count":254991,"self":0.3232655,"total":0.3232655,"children":null},"RequestDecision":{"count":254991,"self":1.4621096999999998,"total":6.0184225,"children":{"AgentInfo.ToProto":{"count":254991,"self":1.6472324999999999,"total":4.5563128,"children":{"GenerateSensorData":{"count":254991,"self":2.9090803999999997,"total":2.9090803,"children":null}}}}}}},"DecideAction":{"count":1274951,"self":1713.4727168,"total":1713.4727223,"children":null},"AgentAct":{"count":1274951,"self":17.4147888,"total":17.417329499999997,"children":{"AgentInfo.ToProto":{"count":307,"self":0,"total":0.0025409,"children":{"GenerateSensorData":{"count":307,"self":0.0025409,"total":0.0025409,"children":null}}}}},"AgentInfo.ToProto":{"count":233,"self":0.0015055,"total":0.0060203,"children":{"GenerateSensorData":{"count":233,"self":0.0045147999999999994,"total":0.0045147999999999994,"children":null}}}},"gauges":{"Agent Control.CumulativeReward":{"count":540,"max":0.9974286,"min":-0.9999498,"runningAverage":-0.242019549,"value":-0.9999498,"weightedAverage":-0.9007877}},"metadata":{"timer_format_version":"0.1.0","start_time_seconds":"1711928057","unity_version":"2022.3.10f1","command_line_arguments":"C:\\Program Files\\Unity\\Hub\\Editor\\2022.3.10f1\\Editor\\Unity.exe -projectpath C:\\Users\\rosia\\Documents\\GitHub\\Pacman -useHub -hubIPC -cloudEnvironment production -licensingIpc LicenseClient-rosia -hubSessionId c8592f39-7d54-4052-862b-7acf236bcf90 -accessToken aytrWVgO_URp8saMLmESOp0szG7wzFdCgyQDnF_ahbw007f","communication_protocol_version":"1.5.0","com.unity.ml-agents_version":"2.0.1","scene_name":"SimplePacman","end_time_seconds":"1711930429"}}